{
	"IntersectionName": "speedway-cherry",
	"MapPayload": "001282853802302030cfc20948dbbb6c29287a782c2a02dc051870a96008a000001400062df5e3d675eb068014144c35a03f2d3e2c01c96d04603a452250000c916200062c02140000020000c5c83954ce9920d60282898ca40ca5a7f2803f2d99a405e8244600018b00c500000080003171dd9eb3a6a84200a0a26425006969e360194b669b017a0910800062c0414000001400005cdb3d4da37381470282852168000290510001180522000002000005d72ca6daec281080282860188800000800001756260b6bb6e051c0a0a180722000002000005df06a8dae83814702828b020d000000200001d104ecc37e090d4120e4001058126800000400010e4107981c1944c8c7c0c9be027d9aff04a49a04f60245a00020b028d000000400011c2ccefe38130a25506607804fb0244100020602d0800000800001bc14f16c8160a93027d8b0315000000a0003118919db56e0dfc1009f66ad043fed013d8d5e148058027d9ab7b8ff6a04fb0a41e0000921640004581aa8000004000188b7d23dab6ecfe3c04fb3569b5ff9c09ec6aeabc025813ecd5c4d7f9b027d8120d00004581ca8000004000188b4d759ab6d4fe3c04fb35691dffcc09ec6aed7c025813ecd5c0e7fce027d8120b00004581ea8000002800088ab5dd5ab378fe5404fb2c6a0f9b027d8522c8000a9101000518106200000200000445d5e4c03f9f5c027d86045880000080000112a623300bf7da409f61812620000020000043f9bfcc02fdf11027d8b04dd000000200001b4332aa37e0f3b01224400085828e800000400020dcf596e1c00397437e6f1898e26680004fb11f4ffd349000731a090b800042c15740000010000470e5cd08df69e0e1bda343e0905400041816820000020000072c6d1c11e9ee118",
	"IntersectionID": 26593,
	"RegionalID": 0,
	"ReferenceLocation":
	{
		"Latitude_DecimalDegree": 32.23599160827699,
		"Longitude_DecimalDegree": -110.94813512309486,
		"Elevation_Meter": 721
	}
}
