{
	"IntersectionName": "speedway-campbell",
    "MapPayload": "001283ac3806302030d16e1948dbbe0729291c832c3402dc051871096008a00000048000bd805fdc0a0a1ec71f9c0922200062c0214000002000097b00add81414ddc747f6302829b90a900e204fb376946023409f6048cc000316018a00000100004bd79d0ec0a0a6ee43bfb781414dc81b809d027d9bb4a300e804fb0246200018b0105000000800025ec9658405053772e9fd400a146e3db403f013d8dda128074027d8122f0000c580a2800000280002f60113c02828b459f00fc290f40001483080008c031100000100000bd8cbc180a0a6de11bfed01414300e4400000400002f64ad7302829b7893003205050c041100000100000bda5b0800a0a6de24bfd40141458126800000120002f0aa6de028296fa809b013ec0908200082c0a3400000200005765b37b81414d7e912c84027b1b00b058d404f10248a00020b02cd000000800015d334e20050535fbdcb15c09ec6c01f9632013b00921800082c0c3400000200005736b38501414d7eea2c38027b1b00e4592004ec0248200020b034d000000400005c39cde205053603f560cc09f6048c2000196071a000000a0000b7c29b600a0a6c0aaac2c013ec291740003487880018c07a100000100000b6899ab00a0a6c0782f61013ec30208400000400000d7fa6b82c042af578c08a100000100000354d9b2cb00e4bd465824a800000120000cb3c9f02098afe38244480008b04d5000000800011966179c550477f63696543ecc013ec0908800022c145400000200004657f6a095406dfd71a599cfb1604fb0241e00008b0555000000800011962dd5c54fe97f1e69660beeb813ec0906800022c165400000140004657f820151759fbac60e47690a4810001522e2000a302ec400000400000cb9729c2a369bf888c0c310000010000032ebcf5ca8d74fea03032c400000400000cb7d5502a35d3f8f160d3a000000480003421eaad907ee87e04fb0246480010b06dd000000800031a95b53ed80fdbe94027d8b00335484d7f9bc59402761afeb3adf404f60244600010b071d000000800031af3b54ed80cabe4e027d8b0001549ed7fa8c54802761afe9faed204f60244200010b075d000000800031b45b580d80bebe1c027d8aff835534d7fc1c4b102761afed1af6a04f60243e00010b079d000000400011bf9f5fec7e6fc8d027d88f7be4440907400072c1f74000001400047109d7fb1fa8f20009f623d579238a419000152402000a30410400000400000e71db2463fb5f35813ec30430400000400000ea13b3163e9ff2f013ec30450400000400000ec8bb4a63f37f1c013ec0",
    "IntersectionID" : 26807,
    "RegionalID" : 0,
	"ReferenceLocation":
	{
		"Latitude_DecimalDegree": 32.236058277186295,
        "Longitude_DecimalDegree": -110.94398677110568,
        "Elevation_Meter": 722
	}
}
