{
	"IntersectionName": "speedway-park",
	"MapPayload": "0012826d3802302030d06e0948dbbcb5292728a02bd002dc051870b16008a000000480022e29f576d71bc00001414cdb41f1102828122e4000c58042800000400018b96f619b5bf0ffce0505369259f9b40a0a67bd8f5c81414da1ac80190282812270000c58062800000400018b98b001b5c17003205053681ddfa1c0a0a6d0a0bf4381414da29d803f0282812250000c58082800000400018ba22a4db5bf100000505368175fa340a0a6d0d03f4681414da283808a0282812230000c580a2800000280000b9d6339b4d2101de05050a4310000520c20002300c4400000400000b8d5641b5d38ff6a05050c0391000001000002e684166d741bfe08141430104400000400000ba04aa9b5cbaffce050516049a0000004800039bf1be86ff307b8242080020b028d000000800011c57ce0e382c03ddafe20a62c04fb0245e00020b02cd000000400001c024e5848034a6e0488a00040c062100000100000370e9c1c90329540581aa800000500008890cb0daa55b00ca04f6155d75ff6852110000490c200022c0e54000002000044486878d52a08032027b0aae88ffce0907800022c0f540000020000443eeaeed52b98071027d9aae89000004fb0241a00008b04150000005000010f537eb55b7e00fc09f61488a0002a45c40014604588000008000010afd30b55d75fda409f618126200000200000428d7e6d57377f50027d8604d88000008000010906a3b55c45ff0409f62c1474000000900006c30ca70e067e7f048990002160aba00000100006373465d07000f7812098edac50e5df4d7f5cdc8602788121900008582ce800000200000df9598d23f83a970241900010605e0800000800001c4b331a47e3bea9",
	"IntersectionID": 26679,
	"RegionalID": 0,
	"ReferenceLocation":
	{
		"Latitude_DecimalDegree": 32.23602450541839,
		"Longitude_DecimalDegree": -110.95678390604628,
		"Elevation_Meter": 712
	}
}
